player_name,year,team,ageDuringContractYear,position,two_years_previous_war,previous_war,contract_war,post_contract_war,two_years_previous_salary,previous_salary,contract_salary,post_contract_salary,curr_war_deviation_from_prev,post_salary_deviation_from_prev
Lucious Harris,2002,New Jersey Nets,32.0, SG,1.689617812,2.521931708,4.518245936,2.382163988,1920000,2160000,2400000,2640000,2.4124711759999995,0.1578947368421053
Andre Miller,2002,Cleveland Cavaliers,27.0, PG,4.446173487,11.99909191,11.98749725,4.28180365,1682000,1808000,1934000,2460000,3.7648645515000005,0.31480491715660075
Lamar Odom,2002,LA Clippers,23.0, PF,2.829919377,8.203196572,1.512878,1.93190083,2445000,2628000,2812000,3557000,-4.0036799745,0.307720588235294
Jason Kidd,2002,New Jersey Nets,30.0, PG,10.70351252,11.89349924,17.72008291,19.6614378,6858000,7630000,8440000,9260000,6.421577029999998,0.15245799626633483
Scottie Pippen,2002,Portland Trail Blazers,37.0, SF,12.44373439,5.308684553,4.633683937,5.253617397,14795000,13151000,18083000,19727000,-4.2425255344999995,0.26317474546968045
Michael Olowokandi,2002,LA Clippers,28.0, C,-5.409326015,-3.567803956,-1.548260049,-2.114964637,3456000,3697000,4662000,6061000,2.9403049365,0.45017346572556516
Jumaine Jones,2002,Cleveland Cavaliers,24.0, SF,-0.113958191,0.316409313,1.836342723,1.745407553,684000,735000,786000,1419000,1.7351171619999999,0.8658777120315582
James Posey,2002,Denver Nuggets,26.0, SF,4.477710563,6.186600049,3.636148198,3.860881267,974000,1047000,1120000,1723000,-1.6960071079999999,0.5902168897092754
Derrick Coleman,2002,Philadelphia 76ers,36.0, PF,3.524508188,-0.595087867,1.957010051,5.124332276,7370000,8040000,8710000,9830000,0.4922998905,0.17373134328358208
Tyrone Hill,2002,Cleveland Cavaliers,35.0, PF,3.296869505,-0.067270688,-0.668602563,-0.522907606,6422000,7415000,6600000,6600000,-2.2834019715,-0.05815198002140565
Jermaine O'Neal,2002,Indiana Pacers,24.0, C,0.367896543,4.454361441,4.014275948,6.21388668,5075000,5700000,6325000,6950000,1.6031469560000002,0.155925155925156
Gary Payton,2002,Seattle SuperSonics,34.0, PG,16.81862883,11.96686462,13.15605238,9.689061174,11020000,12200000,12926000,13080000,-1.2366943450000019,0.04115259094165413
Tracy Murray,2002,Toronto Raptors,31.0, SF,2.583248321,-0.570377089,0.15371805,-0.267673836,2720000,3060000,3400000,3740000,-0.8527175660000001,0.1578947368421053
Richard Hamilton,2002,Washington Wizards,25.0, SG,-0.966553087,1.240602906,2.215537807,5.107195258,1836000,1973000,2111000,2681000,2.0785128975,0.31292850146914786
Kenny Thomas,2002,Houston Rockets,25.0, PF,0.913746971,0.120832688,0.84130357,2.046285161,823000,885000,946000,1557000,0.3240137405,0.7007099945385036
Elton Brand,2002,LA Clippers,24.0, PF,3.053428976,3.091767771,11.57540281,7.927773829,3375000,3629000,3882000,4895000,8.5028044365,0.30342164824923445
Corey Maggette,2002,LA Clippers,23.0, SF,0.102599737,1.437318446,1.046726266,2.193994772,1259000,1353000,1448000,2069000,0.2767671745000001,0.4773295251695824
Juwan Howard,2002,Denver Nuggets,30.0, PF,-1.23454993,2.668862978,1.602367266,-0.218336213,15000000,16875000,18750000,20625000,0.8852107419999999,0.1578947368421053
Elden Campbell,2002,Charlotte Hornets,34.0, C,2.167616364,2.464931909,3.165068545,0.48233126,7975000,8050000,7975000,7975000,0.8487944084999999,-0.004680187207488307
Bob Sura,2003,Golden State Warriors,31.0, PG,-0.239660475,4.433631299,1.785966218,4.177315108,4386000,4913000,5540000,6166000,-0.311019194,0.1797570075576389
Hedo Turkoglu,2003,Sacramento Kings,25.0, SF,1.764742997,5.521062975,0.234945331,8.075216274,1131000,1216000,1300000,1995000,-3.407957655,0.5858505564387917
Kenyon Martin,2003,New Jersey Nets,26.0, PF,-0.424924535,3.864376999,6.426840516,5.198328489,3536000,3801000,4067000,5128000,4.707114284,0.30350788002033546
Brent Barry,2003,Seattle SuperSonics,32.0, SG,5.989786532,13.37678081,8.134508689,6.501497609,4320000,4680000,5040000,5400000,-1.5487749819999994,0.11111111111111116
Marcus Camby,2003,Denver Nuggets,30.0, C,6.928033948,1.05403292,1.027440915,5.468223621,5750000,6250000,6750000,7250000,-2.9635925190000005,0.11538461538461542
Rasheed Wallace,2003,Portland Trail Blazers,29.0, PF,10.45982235,10.72376748,9.167335816,9.443358324,12600000,14400000,16200000,18000000,-1.424459099,0.17647058823529416
Chris Mihm,2003,Cleveland Cavaliers,24.0, C,-1.335241591,-3.621954615,-0.5378596,-0.570481651,1923000,2067000,2222000,2823000,1.940738503,0.31639076707857305
Jake Tsakalidis,2003,Phoenix Suns,25.0, C,-1.026035216,0.840515273,-0.334070251,-0.191462826,763000,820000,877000,1580000,-0.2413102795,0.8621096051856216
Anfernee Hardaway,2003,Phoenix Suns,32.0, SF,0.29285629,3.442712617,3.967976622,1.101194318,10130000,11250000,12375000,13500000,2.1001921685,0.1428571428571428
Kobe Bryant,2003,Los Angeles Lakers,25.0, SF,16.32360499,14.35440383,18.23663789,14.46057089,10125000,11250000,12375000,13500000,2.8976334799999997,0.1428571428571428
Erick Dampier,2003,Golden State Warriors,28.0, C,-2.287140428,-1.654203345,0.9211334,5.267042988,5611000,6235000,6858000,7482000,2.8918052865,0.14290078667990525
Joel Przybilla,2003,Milwaukee Bucks,24.0, C,-0.40460562,-0.361655093,-0.299919655,-0.66259798,1619000,1741000,1862000,2373000,0.08321070149999998,0.31723563696919244
Eric Williams,2003,Boston Celtics,31.0, PF,2.34301986,3.674150108,4.793868646,3.217417244,3892000,4448000,5004000,5560000,1.7852836619999999,0.17647058823529416
Charlie Ward,2003,New York Knicks,33.0, PG,4.868609502,3.034171385,5.31375207,2.095748236,5000000,5110000,5750000,6030000,1.3623616264999994,0.11049723756906071
Quentin Richardson,2003,LA Clippers,24.0, SF,2.00331453,6.032934742,0.535748717,3.609656307,1020000,1097000,1174000,1805000,-3.4823759189999994,0.5896081021576398
Steve Nash,2003,Dallas Mavericks,30.0, PG,8.057312608,10.71645694,11.04243347,8.40865393,5500000,5750000,5750000,5750000,1.6555486960000003,0.0
Adonal Foyle,2003,Golden State Warriors,29.0, C,-1.08491526,-0.079214196,2.96917035,-0.068889577,3578000,4400000,4400000,4400000,3.5512350780000004,0.0
Michael Curry,2003,Detroit Pistons,35.0, SF,-0.465067548,-0.742274871,-0.83955134,-1.385692983,2200000,2400000,2600000,2800000,-0.2358801305,0.1200000000000001
Darius Miles,2003,Cleveland Cavaliers,22.0, SF,3.971722655,3.169014974,-1.124485677,2.010710594,2841000,3054000,3267000,4130000,-4.6948544915,0.3067552602436323
Lindsey Hunter,2003,Toronto Raptors,33.0, SG,4.24962513,0.60338765,-0.296610239,1.678112472,2650000,2700000,3000000,3300000,-2.723116629,0.1578947368421053
Morris Peterson,2003,Toronto Raptors,26.0, SG,3.099649022,4.357757177,3.581880465,5.277699759,898000,966000,1033000,1646000,-0.14682263449999988,0.6468234117058529
Jamal Crawford,2003,Chicago Bulls,24.0, SG,-1.360494138,0.228598086,4.610893723,5.347607523,2200000,1894000,2026000,2577000,5.176841749,0.314795918367347
DeShawn Stevenson,2003,Utah Jazz,23.0, SG,-0.570984414,-1.826304376,-1.719174899,-0.699413286,828000,890000,956000,1624000,-0.5205305039999999,0.7594799566630552
Tony Battie,2004,Cleveland Cavaliers,29.0, C,3.549496483,3.662665239,-0.942892727,-1.011460228,3600000,4000000,4400000,4800000,-4.548973588,0.1428571428571428
Ray Allen,2004,Seattle SuperSonics,29.0, SG,9.668144917,11.82030983,8.168874616,13.388273,11250000,12375000,13500000,14625000,-2.5753527574999993,0.13043478260869557
Gerald Wallace,2004,Sacramento Kings,22.0, SF,0.231898075,0.040228227,-0.06654759,4.032874051,664000,714000,764000,1377000,-0.20261074099999998,0.8633288227334235
Danny Fortson,2004,Dallas Mavericks,29.0, C,2.404012419,-0.197614299,0.313028834,0.407513654,4441000,4935000,5428000,5922000,-0.7901702259999999,0.14291228408761936
Kwame Brown,2004,Washington Wizards,23.0, C,-0.81535505,-0.486007637,1.910207961,-1.402126618,3697000,3974000,4252000,5361000,2.5608893045,0.30342815463165573
Othella Harrington,2004,New York Knicks,31.0, PF,1.483538761,0.611305192,-0.805679391,1.624419304,2475000,2700000,2925000,3150000,-1.8531013674999999,0.1200000000000001
Eddie Jones,2004,Miami Heat,33.0, SG,12.929976,6.230633444,10.4146069,11.75829146,10080000,11200000,12320000,13440000,0.8343021779999997,0.1428571428571428
Shareef Abdur-Rahim,2004,Portland Trail Blazers,28.0, PF,4.190998515,4.345879058,4.359558303,1.868920154,11250000,12375000,13500000,14625000,0.09111951649999916,0.13043478260869557
Austin Croshere,2004,Indiana Pacers,30.0, PF,1.390608578,0.851658751,1.664120035,0.037225332,6310000,6960000,7610000,8260000,0.5429863705000002,0.13383665065202477
Jalen Rose,2004,Toronto Raptors,32.0, SG,5.391728842,2.70971345,0.266027468,-0.276898429,10865000,12072000,13279000,14487000,-3.784693678,0.14291349453670477
Shaquille O'Neal,2004,Los Angeles Lakers,33.0, C,17.03638357,12.59515165,12.81803897,9.842602887,21428000,23571000,26571000,29464000,-1.9977286400000018,0.17522236847353523
Dikembe Mutombo,2004,New York Knicks,39.0, C,8.389149587,-0.023110356,1.551233949,3.307849769,14315000,16105000,17895000,19684000,-2.6317856665,0.15788235294117636
Zydrunas Ilgauskas,2004,Cleveland Cavaliers,30.0, C,-0.08088737,2.791361503,2.629121118,4.792359567,11250000,12375000,13500000,14625000,1.2738840515,0.13043478260869557
DeSagana Diop,2004,Cleveland Cavaliers,23.0, C,-0.364952832,-0.951927073,0.510266071,-0.347732675,1842000,1980000,2118000,2695000,1.1687060235,0.31527574426549543
Damon Stoudamire,2004,Portland Trail Blazers,31.0, PG,4.853898094,2.531068868,4.994859049,4.427351527,12375000,13500000,14625000,15750000,1.3023755680000004,0.1200000000000001
Antoine Walker,2004,Dallas Mavericks,28.0, PF,7.646073368,3.662564735,2.030976946,-1.51997864,11250000,12375000,13500000,14625000,-3.6233421055,0.13043478260869557
Cuttino Mobley,2004,Houston Rockets,29.0, SG,4.711575893,6.644941567,7.190995581,3.447759472,4412000,4903000,5393000,5883000,1.5127368510000005,0.14277389277389285
Peja Stojakovic,2005,Sacramento Kings,29.0, SF,10.30171252,11.56603155,6.668413286,4.890188178,5625000,6250000,6875000,7525000,-4.265458749,0.14666666666666672
Tim Thomas,2005,New York Knicks,29.0, PF,2.972717499,3.769913721,0.850297562,0.247250819,10750000,11825000,12900000,13975000,-2.521018048,0.13043478260869557
Ben Wallace,2005,Detroit Pistons,31.0, PF,15.259763,17.46071561,11.26900299,13.86649351,5000000,5500000,6000000,7500000,-5.091236315,0.30434782608695654
Nazr Mohammed,2005,San Antonio Spurs,28.0, C,-0.376460245,0.272323831,0.413693298,1.158063815,5130000,5700000,6270000,5500000,0.465761505,-0.08103592314118635
Lorenzen Wright,2005,Memphis Grizzlies,30.0, PF,-1.155833972,-0.456918037,1.151102017,1.702517,6050000,6600000,7150000,7700000,1.9574780214999998,0.1200000000000001
Desmond Mason,2006,"NO/Oklahoma City Hornets",29.0, SF,5.343725021,0.25506505,-3.312071986,-2.957621578,1898000,2680000,7233333,8037036,-6.111467021499999,0.6214599065722901
Joe Smith,2006,Milwaukee Bucks,31.0, PF,5.682713651,2.909542433,0.160448419,0.518084479,5445000,5899000,6353200,6807000,-4.135679623000001,0.11114738577561578
Jamaal Magloire,2006,Milwaukee Bucks,29.0, C,-0.0579863,-0.506507582,-3.243109745,-2.172940956,1735000,2474000,8333334,8433334,-2.960862804,0.560668708860113
Jerry Stackhouse,2006,Dallas Mavericks,32.0, SF,-0.788077623,1.564810248,2.019144514,2.440507067,6500000,7000000,8367187,9296874,1.6307782015,0.2099643220323928
Hedo Turkoglu,2008,Orlando Magic,30.0, SF,6.71351828,6.473519135,10.4018557,9.831179774,5393300,5883600,6373900,6864200,3.808336992500001,0.1200000000000001
Charlie Villanueva,2008,Milwaukee Bucks,24.0, PF,3.015465836,0.870156695,-1.920467431,3.110457196,2360880,2537880,2715000,3448050,-3.8632786965,0.31282268012975734
Andre Miller,2008,Philadelphia 76ers,33.0, PG,7.625556077,6.07238183,5.027453074,8.591822798,8100000,8966666,9600000,10333334,-1.8215158794999997,0.11310603637723649
Andrew Bynum,2008,Los Angeles Lakers,21.0, C,-0.701041165,0.632821945,3.082933516,3.242743422,1888680,2030280,2172000,2769300,3.1170431260000004,0.3179988006510752
Jeff Foster,2008,Indiana Pacers,32.0, PF,4.359478787,2.938083859,3.609102371,3.573627106,5000000,5500000,5500000,5500000,-0.0396789519999996,0.0
Zaza Pachulia,2008,Atlanta Hawks,25.0, C,0.434706469,2.542347531,-0.974911788,1.776190278,4000000,4000000,4000000,4000000,-2.463438788,0.0
Rasheed Wallace,2008,Detroit Pistons,34.0, PF,11.23604869,6.866545012,10.45559245,5.463271539,10860000,11650000,12540000,13930000,1.4042955989999992,0.15171558495245963
Marvin Williams,2008,Atlanta Hawks,23.0, PF,0.479315598,-1.138096455,0.835857332,3.300815154,3883000,4174800,4466040,5636142,1.1652477605,0.3045356701431805
Francisco Garcia,2008,Sacramento Kings,27.0, SG,0.805988136,2.129635944,3.470033497,1.531031554,1016400,1092600,1168800,1983454,2.002221457,0.754182364906695
Lamar Odom,2008,Los Angeles Lakers,29.0, PF,10.02416804,4.585985181,9.618615261,12.66375818,11448596,12348596,13248596,14148596,2.313538650500001,0.10548031987258599
Jason Kidd,2008,New Jersey Nets,36.0, PG,14.0611863,15.17100134,10.40980022,15.47428216,16440000,18084000,19728000,21372000,-4.2062936,0.13043478260869557
Kobe Bryant,2008,Los Angeles Lakers,30.0, SF,16.192439,14.34414117,20.75677008,18.9599663,15946875,17718750,19490625,21262500,5.488479994999999,0.1428571428571428
Mehmet Okur,2008,Utah Jazz,30.0, C,5.501393412,4.268738073,5.294237273,3.751030848,8250000,8250000,9000000,8500000,0.4091715305000001,-0.01449275362318836
Jason Maxiell,2008,Detroit Pistons,26.0, PF,-0.493775313,0.813662522,3.543685942,0.393168769,905640,973440,1041360,1877572,3.3837423375,0.863780027794322
Danny Granger,2008,Indiana Pacers,26.0, SF,3.459121293,4.356855338,3.954246719,7.852704637,1318920,1417800,1516800,2329805,0.04625840349999999,0.5878177605125059
Richard Hamilton,2008,Detroit Pistons,31.0, SG,4.217053094,8.017417311,9.242681297,3.877609781,8125000,9187500,10000000,10812500,3.125446094500001,0.12703583061889256
Ben Gordon,2008,Chicago Bulls,26.0, SG,4.953210639,7.894417746,1.194554669,7.341001446,3610200,3862080,4881669,6404750,-5.2292595235,0.46498944560279587
Martell Webster,2008,Portland Trail Blazers,22.0, SF,-0.625638294,0.350380817,1.687724224,-0.013097588,2586120,2780160,2974080,3771133,1.8253529625000002,0.3107319124680237
Jamal Crawford,2008,New York Knicks,29.0, SG,4.122036956,2.321214093,6.985122706,1.641831286,6480000,7200000,7920000,8640000,3.7634971815000005,0.1428571428571428
Ray Allen,2009,Boston Celtics,34.0, SG,6.980906547,11.02166627,13.7640268,11.09093188,14611570,16000000,18388430,18776860,4.7627403914999995,0.09204520241255554
Udonis Haslem,2009,Miami Heat,30.0, PF,2.523431151,-0.122445189,0.32115667,0.013818635,5525000,6050000,6575000,7100000,-0.8793363110000001,0.12475247524752486
Jordan Farmar,2009,Los Angeles Lakers,23.0, PG,0.941103511,3.569651713,-0.022955161,2.106376446,939120,1009560,1080000,1947240,-2.278332773,0.8637799345316717
Brad Miller,2009,Sacramento Kings,34.0, C,1.44064002,5.569684211,3.467182629,1.202677397,9625000,10500000,11375000,12250000,-0.03797948650000027,0.1200000000000001
Luke Ridnour,2009,Milwaukee Bucks,29.0, PG,1.396456951,0.918889267,3.260886246,3.275629444,2425878,6500000,6500000,6500000,2.103213137,0.0
Tyrus Thomas,2009,Chicago Bulls,23.0, PF,1.026844576,1.341465654,1.26803788,1.246549513,3260760,3505320,3749880,4743598,0.08388276500000003,0.307640864483405
Rudy Gay,2009,Memphis Grizzlies,23.0, SF,2.178376862,3.970038881,1.310624501,6.610446382,2242920,2411160,2579400,3280997,-1.7635833704999997,0.31488129588663405
Randy Foye,2009,Minnesota Timberwolves,26.0, SG,0.055656934,0.532582239,3.777694222,-0.036079333,2448240,2631840,2815560,3575761,3.4835746355,0.31283217681829867
Quentin Richardson,2009,New York Knicks,30.0, SF,3.323917776,0.643282737,1.855919701,5.598570303,7525500,8105500,8685500,8700000,-0.12768055550000001,0.03626943005181338
Ben Wallace,2009,Cleveland Cavaliers,35.0, PF,8.382652254,3.606666476,3.122266237,5.51675437,16000000,15500000,14500000,825497,-2.8723931280000006,-0.9449668666666666
Raja Bell,2009,Charlotte Bobcats,33.0, SG,7.487534298,5.064936479,2.862770198,0.374090348,4500000,4750000,5000000,5250000,-3.4134651904999997,0.07692307692307687
Antoine Wright,2009,Dallas Mavericks,26.0, SF,-0.614206406,-0.337695422,0.103205917,0.197508172,1570920,1680600,1800000,1800000,0.579156831,0.034304430270643005
Chris Bosh,2009,Toronto Raptors,26.0, PF,5.933332332,9.003162506,6.717547945,6.215812036,4235220,13041250,14410581,15779912,-0.750699474000001,0.14964367950538526
Kyle Lowry,2009,Memphis Grizzlies,24.0, PG,0.571390807,3.935406781,2.290982045,4.511158035,1011720,1087680,1163520,2034996,0.037583250999999596,0.8079211087420042
Shaquille O'Neal,2009,Phoenix Suns,38.0, C,1.304495073,1.538450283,4.45575824,1.006135764,20000000,21000000,21000000,21000000,3.034285562,0.0
John Salmons,2009,Sacramento Kings,30.0, SF,2.024934943,1.151255454,1.127963782,7.958202322,4400000,4752000,6077151,6429151,-0.4601314165000001,0.18737858581896227
Amar'e Stoudemire,2009,Phoenix Suns,27.0, C,5.897218096,9.438088377,3.654439539,6.056543114,12455000,13762775,15070550,16378325,-4.0132136974999995,0.13606911447084236
Mike Miller,2009,Minnesota Timberwolves,30.0, SG,6.092486794,5.185973578,3.029493208,4.252102293,7623813,8376194,9028575,9780937,-2.609736978,0.12393758285444645
Paul Pierce,2009,Boston Celtics,32.0, SF,5.886667975,16.32238289,9.688041145,8.583753875,15101626,16360094,18077903,19795712,-1.4164842875000012,0.14964363345522091
LeBron James,2009,Cleveland Cavaliers,25.0, SF,21.01817691,20.49272427,28.52525948,24.81281621,5828089,13041250,14410581,15779912,7.769808889999997,0.14964367950538526
Ronnie Brewer,2009,Utah Jazz,25.0, SF,0.944852864,8.741989537,6.53496529,2.960327447,1595400,1715040,1834680,2717161,1.6915440894999998,0.5309156778562816
Brendan Haywood,2009,Washington Wizards,30.0, C,1.843810895,3.999780445,0.019455359,4.850613086,4500000,5000000,5500000,6000000,-2.9023403109999997,0.1428571428571428
Derek Fisher,2009,Los Angeles Lakers,35.0, PG,5.186384946,5.883843288,5.447791154,3.678544282,5883600,4352000,4700000,5048000,-0.08732296300000009,0.11533362792752988
Rodney Stuckey,2010,Detroit Pistons,25.0, PG,1.78838954,3.489338002,4.075909431,4.527244473,1569600,1687320,1805040,2767126,1.4370456600000003,0.5846739740462037
Mike Dunleavy,2010,Indiana Pacers,30.0, SG,9.103590048,0.308707608,1.540262879,5.082424138,8219008,9000000,9780992,10561984,-3.1658859489999998,0.12475251573505819
Samuel Dalembert,2010,Philadelphia 76ers,31.0, C,2.348958004,0.545625541,1.413295642,0.236214604,10251435,11238564,12025694,13428129,-0.033996130500000055,0.15439993830879972
Erick Dampier,2010,Dallas Mavericks,35.0, C,2.5197033,2.108938273,1.298187279,0.468736536,10590500,11553000,12115500,713666,-1.0161335075000002,-0.9396948687073536
Daequan Cook,2010,Miami Heat,24.0, SG,-1.387261366,0.667378657,0.036473181,1.352215379,1184400,1273200,1362120,2169857,0.3964145355,0.6467502997738415
Jason Richardson,2010,Phoenix Suns,30.0, SG,8.442011323,3.503479592,9.950995698,6.414665786,11111110,12222221,13333332,14444443,3.9782502405000004,0.13043478260869557
Thaddeus Young,2010,Philadelphia 76ers,23.0, PF,4.26645041,5.712728045,0.755428744,4.275516945,1830720,1968120,2105400,2901241,-4.2341604835,0.42443930556373854
Caron Butler,2010,Washington Wizards,31.0, SF,9.398861962,5.04588559,3.379800382,1.119146293,8468990,9249980,9780970,10561960,-3.8425733939999995,0.10997716876981967
Shane Battier,2010,Houston Rockets,32.0, SF,9.316941507,6.943997661,4.450473256,5.994985486,5883600,6448900,6939200,7354500,-3.6799963279999997,0.09866224482936348
Tyson Chandler,2010,Charlotte Bobcats,28.0, C,8.641093252,0.519376786,-0.028761841,9.216101275,10500000,11350000,11700000,12600000,-4.6089968599999995,0.09327548806941421
T.J. Ford,2010,Indiana Pacers,28.0, PG,2.359302599,2.883281069,0.319634508,0.396120709,8275000,8000000,8500000,8500000,-2.301657326,0.030303030303030276
Chuck Hayes,2010,Houston Rockets,28.0, PF,4.694831839,0.939236192,3.515642999,5.056894958,1750000,1768000,2147750,1972500,0.6986089835000002,0.00746983336525564
Tayshaun Prince,2010,Detroit Pistons,31.0, SF,8.131551812,3.903710121,2.192501622,2.069544156,8675620,9500000,10324380,11148760,-3.8251293444999996,0.12475245127464274
J.J. Barea,2010,Dallas Mavericks,27.0, PG,0.194565774,2.215065079,-0.027312676,1.611953956,687456,1500000,1657500,1815000,-1.2321281025,0.14964370546318295
Wilson Chandler,2010,New York Knicks,24.0, SF,-0.11005314,1.361197089,2.620744892,4.605641088,1091640,1173480,1255440,2130482,1.9951729174999997,0.7542627999275398
Ryan Anderson,2011,Orlando Magic,24.0, PF,1.679258754,2.337648733,6.201026539,8.78034368,1225200,1317120,1409040,2244601,4.1925727955,0.6467125920708983
Gerald Wallace,2011,Charlotte Bobcats,29.0, SF,9.495456353,10.15852617,7.968386405,5.487482372,9500000,9500000,10500000,9500000,-1.8586048564999995,-0.050000000000000044
Roy Hibbert,2011,Indiana Pacers,25.0, C,0.984254886,3.085547816,1.668798222,4.63458898,1465440,1575360,1685280,2588590,-0.3661031290000003,0.5877803130673733
Boris Diaw,2011,Charlotte Bobcats,30.0, C,3.292920858,5.003134996,4.165021695,2.597613666,9000000,9000000,9000000,241158,0.016993767999999854,-0.9732046666666667
Courtney Lee,2011,Houston Rockets,26.0, SG,3.812872879,2.396349561,1.791876198,2.964472469,1176240,1264440,1352640,2225093,-1.3127350219999998,0.7004394210341296
George Hill,2011,San Antonio Spurs,26.0, PG,0.949349012,4.670546685,4.869632559,4.818902556,1006200,1081680,854389,1540493,2.0596847105000005,0.5913616715106744
Lou Williams,2011,Philadelphia 76ers,25.0, SG,1.877040049,3.887083181,3.919854489,5.554134345,4500000,4972500,5000000,5176000,1.037792874,0.0380546502882928
Ronny Turiaf,2011,New York Knicks,29.0, C,1.995883715,0.652089044,1.923723557,0.071238908,4500000,4140000,4000000,319128,0.5997371775,-0.921590171990172
Kirk Hinrich,2011,Washington Wizards,31.0, SG,4.902603704,4.46692382,1.270755185,1.130463187,10000000,9500000,9100000,8000000,-3.4140085769999993,-0.13978494623655913
Marcus Camby,2011,Portland Trail Blazers,38.0, C,4.745610901,6.96349833,2.579455171,1.92348285,10000000,9150000,11749832,11227250,-3.2750994444999995,0.07438662664848206
Robin Lopez,2011,Phoenix Suns,24.0, C,-0.378487029,0.948475854,-0.670378964,0.441493715,1623720,1745520,1867320,2862602,-0.9553733765,0.5846824105136126
Steve Nash,2011,Phoenix Suns,38.0, PG,7.944455991,12.21554584,9.46130891,6.492730438,12250000,13125000,10310938,11689062,-0.6186920055000016,-0.0024668950737111173
Jason Thompson,2011,Sacramento Kings,25.0, PF,1.461062623,1.119469179,1.258848952,2.768368134,1893840,2035920,2178000,3001284,-0.03141694900000003,0.4244617838022553
Eric Gordon,2011,LA Clippers,23.0, SG,2.6467329,2.285259924,5.371354205,0.66886543,2623200,2819880,3016680,3831184,2.9053577930000003,0.3128226215441974
Michael Beasley,2011,Minnesota Timberwolves,23.0, SF,-0.61710507,0.362698235,1.254876598,-0.566950472,4314960,4638600,4962240,6262347,1.3820800155000001,0.30454147762070827
Nicolas Batum,2011,Portland Trail Blazers,23.0, SG,2.8879092,2.727998335,3.530924659,2.911063756,1040640,1118760,1196760,2155365,0.7229708915000002,0.8616682213930349
Anthony Randolph,2011,New York Knicks,22.0, SF,0.109554182,0.307011292,-0.668261799,0.254168794,1709280,1837560,1965720,2911231,-0.876544536,0.5309054289981279
Tim Duncan,2011,San Antonio Spurs,36.0, C,9.069960515,11.38429002,8.036814072,8.145940835,20598704,22183220,18835381,21164619,-2.1903111954999996,0.03195225990276951
Brook Lopez,2011,New Jersey Nets,24.0, C,2.242396891,2.224489903,2.308193379,0.020118349,2098560,2255880,2413320,3076983,0.07474998200000016,0.31799151888974553
Goran Dragic,2011,Phoenix Suns,26.0, PG,-0.291426937,2.464544409,-0.228258303,5.505609742,1700000,1836000,1972000,2108000,-1.3148170390000002,0.1071428571428572
Deron Williams,2011,Utah Jazz,28.0, PG,8.862529687,13.81375381,6.787396005,4.503126412,5069449,13520500,14940153,16359805,-4.5507457435,0.14964368526611116
JaVale McGee,2011,Washington Wizards,24.0, C,-1.55638903,0.216979896,2.011946439,-0.422061246,1392240,1496640,1601040,2462400,2.681651006,0.5898349732703185
Rashard Lewis,2011,Washington Wizards,32.0, PF,14.16517957,6.950719345,2.850374031,-0.003703804,16447871,18010791,19573711,21136631,-7.7075754265,0.12475248441498565
Nazr Mohammed,2011,Charlotte Bobcats,34.0, C,-0.489981191,1.119233246,0.224189474,-0.240742257,6049400,6466600,6883800,3750000,-0.09043655350000002,-0.43821907957814
Kevin Garnett,2011,Boston Celtics,36.0, PF,7.244506481,6.822650285,9.961005364,10.20791846,24751934,16417044,18832044,21247044,2.927426981,0.2055372326228695
Corey Brewer,2012,Denver Nuggets,27.0, SG,2.878233548,1.907902073,2.75749857,3.970309985,2916120,3875000,3059000,3243000,0.36443075950000026,-0.0646091721949813
Chris Paul,2012,LA Clippers,28.0, PG,7.272652543,18.82118457,15.7497336,15.78194504,13520500,14940153,16359805,18668431,2.702815043500001,0.1928725910750424
Chase Budinger,2012,Houston Rockets,25.0, SF,1.619170478,3.642878995,2.129919344,0.577455409,725000,780871,854389,885120,-0.5011053924999995,0.08254344874821129
Zaza Pachulia,2012,Atlanta Hawks,29.0, C,0.407307117,0.315539789,2.368363571,1.148267095,4750000,4251250,4750000,5248750,2.006940118,0.1662269129287599
Wayne Ellington,2012,Minnesota Timberwolves,25.0, SG,-0.489521737,-1.004387617,0.347977929,2.521607215,1003560,1078800,1154040,2083042,1.094932606,0.8658228981924365
Kevin Martin,2012,Houston Rockets,30.0, SG,1.849522071,6.508714986,2.152849425,5.624944629,9680170,10600005,11519840,12439675,-2.0262691035000002,0.12475245644804467
Monta Ellis,2012,Milwaukee Bucks,27.0, SG,1.529051204,5.360685776,2.667425555,7.269001484,11000000,11000000,11000000,11000000,-0.7774429350000003,0.0
Al Jefferson,2012,Utah Jazz,28.0, C,0.380907192,1.935752019,4.305380968,2.128065283,12000000,13000000,15000000,13500000,3.1470513624999996,-0.0357142857142857
Tyler Hansbrough,2012,Indiana Pacers,27.0, PF,0.118124393,0.041615191,0.302620449,0.821485532,1859160,1998600,2138040,3055259,0.22275065700000002,0.47716939351744414
Andre Iguodala,2012,Philadelphia 76ers,29.0, SG,7.878074366,8.352408279,10.83408505,10.56799529,12200000,12345250,14718250,14968250,2.7188437274999995,0.10615774012969492
DeMarre Carroll,2012,Utah Jazz,26.0, SF,-0.125037232,-0.022323344,0.371597221,3.458714497,1009680,1085400,885120,885120,0.44527750899999996,-0.1016381462761099
Josh Smith,2012,Atlanta Hawks,27.0, PF,11.49050267,9.890341215,8.354590641,4.328571674,10800000,11700000,12400000,13200000,-2.335831301499999,0.09543568464730301
Jason Maxiell,2012,Detroit Pistons,30.0, PF,-0.238150032,-1.299633898,0.74766569,0.101176499,5000000,5000000,5000000,5000000,1.5165576550000002,0.0
Austin Daye,2012,Detroit Pistons,25.0, SF,0.191154847,0.902703186,-0.73816104,0.771829473,1677840,1803720,1929600,2958077,-1.2850900565,0.5846897667491671
Eric Maynor,2012,Oklahoma City Thunder,26.0, PG,0.965388948,1.688862719,0.039744526,-1.025451165,1318920,1417800,1516680,2016000,-1.2873813075,0.3740083421935061
Paul Millsap,2012,Utah Jazz,28.0, PF,6.262252866,8.390406815,8.706949303,7.340872376,7692932,7600000,8603633,8603633,1.3806194625000003,0.06193876397965825
Jeff Teague,2012,Atlanta Hawks,25.0, PG,-0.328380947,1.398466087,6.192747886,5.102552908,1373880,1476840,1579920,2433077,5.657705316,0.5919319802666876
Udonis Haslem,2013,Miami Heat,34.0, PF,-0.133251329,-0.122806611,0.596566531,-1.546819099,3500000,4060000,4340000,4340000,0.724595501,0.03333333333333344
Marvin Williams,2013,Utah Jazz,28.0, PF,1.771036613,3.103158391,1.251719122,1.576907564,7262500,7500000,8287500,7500000,-1.18537838,-0.049881235154394354
Thabo Sefolosha,2013,Oklahoma City Thunder,30.0, SF,4.59853114,3.353507698,7.606808364,2.864078543,3250000,3300000,3900000,3900000,3.630788945,0.08333333333333326
Marcin Gortat,2013,Phoenix Suns,30.0, C,2.515926524,4.266459942,0.359767271,7.866528696,6322320,7258960,7727280,7727280,-3.031425962,0.03125
Luke Ridnour,2013,Minnesota Timberwolves,33.0, PG,3.488257864,2.787184365,3.492514568,-0.574585654,4000000,3680000,4000000,4420000,0.35479345350000013,0.15104166666666674
Rudy Gay,2013,Memphis Grizzlies,27.0, SF,4.997365919,4.117126787,4.107805737,4.319684347,13603750,15032144,16460538,17888932,-0.4494406160000004,0.13606913504540508
Carmelo Anthony,2013,New York Knicks,30.0, PF,6.579108869,4.946409958,6.619643742,9.860994962,17149243,18518574,19444503,21388953,0.8568843285000005,0.12682926096849312
Gordon Hayward,2013,Utah Jazz,24.0, SF,-1.102442247,3.370195645,5.40703217,4.881546039,2356320,2709720,2709720,3452183,4.273155471,0.2739998966682904
Greivis Vasquez,2013,New Orleans Hornets,27.0, PG,0.036540395,3.149072669,3.820335817,3.448279182,1035960,1113600,1191240,2150188,2.227529285,0.8658023984311276
Chris Bosh,2013,Miami Heat,30.0, PF,10.05578359,5.526530144,5.800907824,6.144881634,14500000,17545000,19067500,19067500,-1.9902490429999995,0.04158415841584162
Kyle Lowry,2013,Toronto Raptors,28.0, PG,9.347556864,5.728777372,6.808768848,13.46320289,5750000,5750000,5750000,6210000,-0.7293982699999999,0.08000000000000007
Avery Bradley,2013,Boston Celtics,23.0, PG,-0.44192733,2.118104215,0.977937895,2.609026324,1418160,1524480,1630800,2511432,0.13984945250000003,0.5918916863162698
Evan Turner,2013,Philadelphia 76ers,25.0, SG,-0.190343373,-0.674931465,-0.163750445,-2.183547083,4602720,5293080,5293080,6679867,0.26888697400000006,0.2620000075570368
Steve Blake,2013,Los Angeles Lakers,34.0, PG,0.054523888,0.399555964,1.475123995,1.126432553,4000000,4000000,4000000,4000000,1.248084069,0.0
Danny Granger,2013,Indiana Pacers,31.0, SF,6.660748837,8.438958446,-0.09222788,0.699974344,10973202,12015904,13058606,249683,-7.6420815215,-0.9800847155138824
Trevor Ariza,2013,Washington Wizards,28.0, SF,2.787505277,2.622136204,3.244787441,8.034786623,6322320,6790640,7727280,7727280,0.5399667005000004,0.06451612903225801
Pau Gasol,2013,Los Angeles Lakers,33.0, PF,12.73045323,8.082490588,2.273992027,0.299498836,17823000,18714150,19285850,19285850,-8.132479882,0.015044736842105166
Xavier Henry,2013,New Orleans Hornets,23.0, SG,-0.630593347,-0.29903023,-1.102696293,1.776113086,2020200,2171640,2323200,884293,-0.6378845044999999,-0.6065297096225895
Patrick Patterson,2013,Sacramento Kings,25.0, PF,1.146071036,-1.123060657,1.358080426,2.881309683,1823280,1959960,2096760,3105302,1.3465752364999999,0.5309422390502672
Eric Bledsoe,2013,LA Clippers,24.0, PG,0.037657039,1.307766591,4.352461965,4.69933706,1485000,1596360,2626473,2626474,3.67975015,0.2439393175150426
Wesley Matthews,2014,Portland Trail Blazers,28.0, SG,5.732083988,5.037327789,8.178587063,6.604483591,6505320,6505320,6875480,7245640,2.7938811745,0.08299055362908048
Brandon Knight,2014,Milwaukee Bucks,23.0, PG,-0.004784766,2.253659302,1.736108607,3.234161928,2563320,2678640,2793960,3553917,0.6116713390000001,0.2988038592259621
Enes Kanter,2014,Utah Jazz,23.0, C,-0.89066923,0.229424601,-2.917464345,1.573359478,4319280,4319280,4505280,5694674,-2.5868420304999997,0.2906420263446563
Reggie Jackson,2014,Oklahoma City Thunder,25.0, PG,0.114841597,1.525297784,5.481353802,4.617982429,1156320,1260360,1260360,2204369,4.6612841115000005,0.7489994922085754
Tobias Harris,2014,Orlando Magic,22.0, SF,0.141535211,1.443802095,0.790523077,2.097779392,1418160,1545840,1545840,2380594,-0.0021455759999999824,0.5400002587589918
Thaddeus Young,2014,Philadelphia 76ers,27.0, PF,4.222122742,6.86576624,1.01265683,4.834188698,8039130,8289130,8850000,9410869,-4.5312876609999995,0.09817347788364983
Iman Shumpert,2014,New York Knicks,25.0, SG,2.697595566,2.013041684,3.427341462,5.669009346,1563120,1633440,1703760,2616975,1.072022837,0.5683656957928802
LaMarcus Aldridge,2014,Portland Trail Blazers,29.0, PF,5.278213129,5.669712619,9.746017938,9.152786751,14000000,13500000,14878000,16006000,4.272055064,0.1280569455211784
Jimmy Butler,2014,Chicago Bulls,25.0, SF,0.487949556,6.936771407,8.663922684,10.44057795,1020960,1112880,1112880,2008748,4.951562202499999,0.8049996405722091
Tyson Chandler,2014,New York Knicks,32.0, C,6.861279557,7.899047181,2.10319957,6.347350026,13107837,13604188,14100538,14846888,-5.276963799,0.0717946100603919
Chuck Hayes,2014,Toronto Raptors,32.0, PF,-0.755541014,1.115991586,1.237398402,0.428948003,5486250,5486250,5722500,5958750,1.057173116,0.06323185011709609
Kawhi Leonard,2014,San Antonio Spurs,24.0, SF,5.507507884,9.812818576,12.77925837,12.85468151,1809840,1809840,1887840,2894059,5.119095140000001,0.5653377252763896
Kevin Love,2014,Minnesota Timberwolves,26.0, PF,8.473368843,1.007160371,13.57725105,8.325963588,4609701,13668750,14693906,15719063,8.836986443,0.1084337799675743
Cory Joseph,2014,San Antonio Spurs,23.0, PG,-0.372262517,0.440346102,1.540310607,2.667267742,1074720,1074720,1120920,2023261,1.5062688145,0.8429806343480717
Marc Gasol,2014,Memphis Grizzlies,30.0, C,8.981872311,13.63509623,5.4484059,11.18160504,12922194,13891359,14860523,15829688,-5.860078370499999,0.10112360644774498
Greg Smith,2014,Houston Rockets,24.0, PF,0.044725758,0.927535421,0.023094182,-0.522726201,473604,762195,15605,948163,-0.46303640749999997,1.4380637696065826
DeAndre Jordan,2014,LA Clippers,26.0, C,2.519513971,3.373402224,7.448792517,12.00518686,10079404,10986550,10986550,11440123,4.5023344195,0.041284388638835656
J.J. Barea,2014,Minnesota Timberwolves,31.0, PG,0.640172287,0.86445953,0.165360148,3.722594288,4300000,4493500,4687000,909859,-0.5869557605,-0.8017844343989979
Kosta Koufos,2014,Memphis Grizzlies,26.0, C,1.369612236,3.645485038,2.325280111,2.496346374,2203792,3000000,3000000,3000000,-0.1822685260000001,0.0
Tristan Thompson,2014,Cleveland Cavaliers,24.0, C,-1.612336032,3.112349762,-0.984072975,5.512636893,3726600,3894240,4062000,5138430,-1.7340798400000002,0.2916729510422009
Miles Plumlee,2015,Phoenix Suns,27.0, C,-0.060130293,0.927708001,0.746018816,0.089367921,1073280,1121520,1169880,2109294,0.31222996199999997,0.8410526315789473
Anderson Varejao,2015,Cleveland Cavaliers,33.0, C,2.596913835,6.245318776,1.019790835,1.057348849,8368182,9036364,9704545,289755,-3.4013254705,-0.9690778072717817
Ryan Anderson,2015,New Orleans Pelicans,28.0, PF,3.202271197,1.367284635,2.528884993,5.151366157,8700000,8308500,8491500,8500000,0.24410707700000023,0.011904761904761862
Meyers Leonard,2015,Portland Trail Blazers,24.0, C,-0.866757058,-0.869943696,2.494145573,0.773513671,2126520,2222160,2317920,3075880,3.36249595,0.3549893393949006
Ian Mahinmi,2015,Indiana Pacers,29.0, C,-0.719923631,1.925716795,1.41023173,2.822582906,4000000,4000000,4000000,4000000,0.807335148,0.0
Andrew Nicholson,2015,Orlando Magic,26.0, PF,-0.16904697,-1.059002195,-0.696599292,1.206923834,1482000,1482000,1545840,2380593,-0.08257470950000012,0.5724694831959416
Joakim Noah,2015,Chicago Bulls,31.0, C,8.249325739,13.04581501,5.922779556,1.16188811,11100000,11100000,12700000,13400000,-4.724790818499999,0.12605042016806722
Evan Fournier,2015,Orlando Magic,23.0, SG,0.583205391,0.437912241,1.160070707,3.298900023,1361400,1422720,1483920,2288205,0.6495118910000001,0.5744674263066634
Jared Sullinger,2015,Boston Celtics,24.0, C,1.394409786,4.454046524,3.324432324,3.805602839,1306920,1365720,1424520,2569260,0.4002041690000002,0.8416050232238088
Harrison Barnes,2015,Golden State Warriors,24.0, SF,2.930939703,-1.227514908,3.50200973,1.497559093,2798040,2923920,3049920,3873398,2.6502973325,0.2967866564889585
Nicolas Batum,2015,Portland Trail Blazers,27.0, SG,6.825323458,8.669646433,4.220006825,2.101826397,10850000,11295250,11765500,13125306,-3.5274781205000005,0.13832429561050708
Andre Drummond,2015,Detroit Pistons,22.0, C,3.481818796,5.72519476,3.062689292,5.046424093,2356320,2465400,2568360,3272091,-1.540817486,0.30005840564508435
Courtney Lee,2015,Memphis Grizzlies,30.0, SG,2.400538974,4.655463242,1.943535774,4.336069515,5000000,5225000,5450000,5675000,-1.5844653339999997,0.06323185011709609
David Lee,2015,Golden State Warriors,33.0, PF,5.543378874,4.980037663,0.815314751,1.234888716,12744000,13878000,15012000,2085671,-4.4463935175,-0.8556129456559363
Al Horford,2015,Atlanta Hawks,30.0, PF,6.119207105,1.783800249,7.422224927,6.667130871,12000000,12000000,12000000,12000000,3.4707212500000004,0.0
Mike Conley,2015,Memphis Grizzlies,28.0, PG,16.94935592,8.401862121,7.356832393,3.632311205,7505786,8600001,8694216,9588426,-5.318776627499999,0.10885922155365568
DeMar DeRozan,2015,Toronto Raptors,26.0, SF,2.196453609,5.016133417,1.584063446,2.523233531,3344250,9500000,10100000,10050000,-2.0222300669999997,0.025510204081632626
Eric Gordon,2015,New Orleans Pelicans,27.0, SG,0.902593072,-0.612243671,1.099684724,1.090173943,13668750,14283844,14898938,15514031,0.9545100235,0.06323180565855568
Deron Williams,2015,Brooklyn Nets,32.0, PG,9.464738524,8.301828042,4.57361288,2.130198944,17177795,18466130,19754465,5378974,-4.309670403000001,-0.7185300752120682
Bradley Beal,2015,Washington Wizards,23.0, SG,2.527024384,6.499806363,5.832489048,1.746502494,4319280,4319280,4505280,5694674,1.3190736745000002,0.2906420263446563
Maurice Harkless,2015,Orlando Magic,23.0, SF,0.381871837,1.718226599,-0.049790039,1.933974584,1809840,1809840,1887840,2894059,-1.099839257,0.5653377252763896
Terrence Jones,2015,Houston Rockets,24.0, PF,0.320802967,2.259387106,0.039303843,-2.810622182,1485000,1551840,1618680,2489530,-1.2507911935000002,0.5704237790646329
Mike Muscala,2016,Atlanta Hawks,25.0, PF,-0.96580455,1.065657184,0.176601389,1.370675416,138404,816482,947276,1015696,0.126675072,0.15174077169316869
Serge Ibaka,2016,Oklahoma City Thunder,27.0, C,8.794117841,5.743211956,7.331400507,2.376324629,12350000,12350000,12250000,12250000,0.0627356084999997,-0.004065040650406471
Kelly Olynyk,2016,Boston Celtics,26.0, PF,1.115039695,4.271088871,2.927893451,1.420477687,1986360,2075760,2165160,3094014,0.2348291680000001,0.4591239636682607
Tim Hardaway Jr.,2016,Atlanta Hawks,25.0, SG,-2.688606228,-0.848563136,1.936704118,4.087242784,1196760,1250640,1304520,2281605,3.7052888,0.7858803362607429
Mason Plumlee,2016,Portland Trail Blazers,27.0, PF,-0.220150151,0.159818235,2.979972246,3.069865247,1298640,1357080,1415520,2328530,3.010138204,0.6796725095578158
Stephen Curry,2016,Golden State Warriors,29.0, PG,18.14294257,25.08987314,26.66687277,20.65330419,9887642,10629213,11370786,12112359,5.050464915000003,0.101123595505618
George Hill,2016,Indiana Pacers,31.0, PG,8.112636154,5.372806315,5.8702519,5.114290579,8000000,8000000,8000000,8000000,-0.8724693344999999,0.0
Otto Porter Jr.,2016,Washington Wizards,24.0, SF,-0.520901836,2.510755808,3.716641601,9.536094824,4278000,4470480,4662960,5893981,2.7217146150000002,0.290637700581599
Taj Gibson,2016,Chicago Bulls,32.0, C,3.774274081,1.416683641,2.238069975,1.95535149,7550000,8000000,8500000,8950000,-0.357408886,0.08484848484848495
Andre Iguodala,2016,Golden State Warriors,33.0, SG,6.986707553,6.027140891,4.243051094,4.223695366,12868632,12289544,11710456,11131368,-2.263873128,-0.07238599999999995
Jrue Holiday,2016,New Orleans Pelicans,27.0, SG,2.865791904,3.700148946,5.912891674,4.092000869,9713484,9904495,10595507,11286518,2.6299212489999997,0.10112359989038056
Kyle Korver,2016,Atlanta Hawks,36.0, SG,5.689700132,10.58588542,5.857573492,0.021519844,6760563,6253521,5746479,5239437,-2.2802192839999993,-0.12676050000000005
Blake Griffin,2016,LA Clippers,28.0, PF,10.53359876,8.663354119,2.450152292,9.980862776,16441500,17674613,18907726,20140839,-7.1483241475,0.10112363236259991
Tony Snell,2016,Chicago Bulls,25.0, SF,-0.618109712,2.118405738,0.935556783,0.830843236,1409040,1472400,1535880,2368327,0.18540877,0.57453893919449
Andre Roberson,2016,Oklahoma City Thunder,25.0, SG,0.413879682,3.276088395,4.100576426,6.706304806,740560,1160880,1210800,2183072,2.2555923875,0.8409498751939553
JaVale McGee,2016,Dallas Mavericks,29.0, C,-0.124971358,-0.962433459,-0.551108462,3.106983448,10750000,11250000,1270964,1403611,-0.007406053500000009,-0.775798253233537
Ben McLemore,2016,Sacramento Kings,24.0, SF,-3.163370421,3.436960242,0.21715489,-0.50292285,2895960,3026280,3156600,4008882,0.08035997950000007,0.2967684962347643
Jeff Teague,2016,Atlanta Hawks,29.0, PG,3.744245654,7.775744738,3.374670186,6.385179427,8000000,8000000,8000000,8800000,-2.3853250100000003,0.10000000000000009
Reggie Bullock,2016,Detroit Pistons,26.0, SF,-0.033417796,0.270498686,0.70932587,1.047445189,1149000,1200720,1252440,2255644,0.590785425,0.8389701446297837
Clint Capela,2017,Houston Rockets,24.0, C,0.100887913,3.34418762,3.523056969,8.439725989,1189200,1242720,1296240,2334528,1.8005192025000003,0.8389639852538047
Andrew Bogut,2017,Dallas Mavericks,33.0, C,5.668314947,4.369135746,0.298903489,0.070751664,12972973,13800000,242224,1471382,-4.7198218575,-0.7904346206128032
Doug McDermott,2017,Oklahoma City Thunder,26.0, SF,-1.378352348,-0.994853006,-1.246458389,-0.017734263,2277960,2380440,2483040,3294994,-0.05985571200000006,0.35499436617401536
Kyle Anderson,2017,San Antonio Spurs,24.0, SF,-0.673229133,0.842850635,2.855148252,5.713083694,1093680,1142880,1192080,2151704,2.770337501,0.8430328570939116
Jerami Grant,2017,Oklahoma City Thunder,24.0, PF,0.308240653,1.222232355,0.320730042,2.535654892,884879,845059,980431,1524305,-0.444506462,0.6700228431818307
Shabazz Napier,2017,Portland Trail Blazers,26.0, PG,-0.194227895,-0.120124566,0.993835015,3.733120899,1238640,1294440,1350120,2361360,1.1510112455000001,0.7858244849804883
Trey Burke,2017,Washington Wizards,25.0, PG,0.864371322,0.872903792,-0.863071619,1.893622567,2548560,2658240,3386598,1544951,-1.7317091759999999,-0.4888362599626326
Paul George,2017,Indiana Pacers,28.0, SG,0.42820922,14.62544724,7.850679142,9.806548616,15937290,17120106,18314532,19508958,0.32385091200000016,0.101123595505618
Jusuf Nurkic,2017,Portland Trail Blazers,23.0, C,2.134866807,0.503220091,1.973211927,3.164660626,1762680,1842000,1921320,2947305,0.6541684779999999,0.566332387360097
Spencer Dinwiddie,2017,Brooklyn Nets,25.0, PG,0.006867039,-0.264912714,1.876555758,6.073954975,700000,845059,726672,1656092,2.0055785955000003,1.1073478858659658
Derrick Favors,2017,Utah Jazz,26.0, C,5.782719767,6.481005794,0.149039615,5.74599376,12950000,12000000,11050000,12000000,-5.982823165499999,0.04121475054229928
Bruno Caboclo,2017,Toronto Raptors,22.0, SF,-0.340554307,-0.394383744,0.203573358,0.100941347,1458360,1524000,1589640,2451225,0.5710423835,0.5745076502100435
Danny Green,2018,San Antonio Spurs,32.0, SG,7.577515666,4.987898644,4.118509627,10.10576145,10000000,10000000,10000000,10000000,-2.1641975280000008,0.0
Enes Kanter,2018,New York Knicks,27.0, C,5.212301711,2.872921326,2.520008334,3.014779277,16407500,17145838,18622514,487109,-1.5226031845000003,-0.9727631287010372
Richaun Holmes,2018,Philadelphia 76ers,25.0, C,0.24045215,0.372865274,0.310525102,0.859137343,1074169,1025831,1600520,1600520,0.0038663899999999973,0.21881652528546258
Nikola Vucevic,2018,Orlando Magic,28.0, C,3.624689929,3.577444011,1.992794068,10.22755181,11250000,11750000,12750000,12750000,-1.6082729019999997,0.04081632653061229
Kyrie Irving,2018,Boston Celtics,27.0, PG,4.67645409,8.712799466,7.489068084,11.10254398,16407501,17638063,18868626,20099189,0.7944413060000004,0.10112363243897571
Stanley Johnson,2018,Detroit Pistons,23.0, SF,-0.992163143,0.513348942,1.318349208,0.090894007,2841960,2969880,3940402,3940402,1.5577563085000001,0.14044607730914604
Jonas Valanciunas,2018,Toronto Raptors,27.0, C,5.178347722,2.484871154,5.553912778,2.429261702,4660482,14382023,16539326,16539326,1.7223033399999998,0.0697674283227423
Tobias Harris,2018,LA Clippers,26.0, SF,5.351029548,5.957614254,5.412827893,5.121094883,16000000,17200000,16000000,14800000,-0.2414940079999992,-0.10843373493975905
Jeremy Lamb,2018,Charlotte Hornets,27.0, SG,3.848479811,1.871837883,4.723255888,6.196108575,3034356,6511628,7488372,7488372,1.8630970409999996,0.06976742857142848
Ricky Rubio,2018,Utah Jazz,28.0, PG,8.036170127,5.81351176,4.892201,4.40825406,12700000,13550000,14275000,14975000,-2.0326399434999995,0.07637017070979346
Trey Lyles,2018,Denver Nuggets,23.0, C,-0.010288281,-0.139250903,2.52515009,-0.815563158,2239800,2340600,2441400,3364249,2.599919682,0.4070468423253868
Thaddeus Young,2018,Indiana Pacers,31.0, PF,3.995038925,4.815717903,6.217361207,7.052929657,11235955,14153652,13964045,13964045,1.8119827929999994,-0.006743333211108982
Tyus Jones,2018,Minnesota Timberwolves,23.0, PG,0.03127928,1.275579534,3.718874129,2.426331208,1282080,1339680,1471382,2444053,3.065444722,0.7388823156515225
Kelly Oubre Jr.,2018,Washington Wizards,23.0, SF,-0.30540073,0.003117627,1.149741648,2.636284436,1920240,2006640,3208630,3208630,1.3008831995,0.23047512401083736
Jimmy Butler,2018,Minnesota Timberwolves,29.0, SF,8.034983877,14.82461084,12.73994626,11.13844142,16407500,17552209,19301070,20445779,1.3101489014999999,0.10957719664510712
Terrence Ross,2018,Orlando Magic,28.0, SG,3.499231779,4.269374323,0.828992489,4.016351756,3553917,10000000,10500000,10500000,-3.055310562,0.024390243902439046
Kemba Walker,2018,Charlotte Hornets,29.0, PG,10.73837186,10.77902175,12.15693432,12.34645517,12000000,12000000,12000000,12000000,1.398237515,0.0
Delon Wright,2018,Toronto Raptors,27.0, PG,0.574753587,1.760251713,5.35095193,4.504778666,1509360,1577280,2536898,2536898,4.18344928,0.23324659263648773
Kawhi Leonard,2018,San Antonio Spurs,28.0, SF,17.48094634,17.94142241,0.965839777,14.47116267,16407500,17638063,18868626,23114067,-16.745344598000003,0.266292158130254
Cory Joseph,2018,Indiana Pacers,27.0, PG,3.457160564,1.433962641,2.184581529,4.491775123,7000000,7315000,7945000,7945000,-0.26098007349999985,0.041284403669724856
Al-Farouq Aminu,2018,Portland Trail Blazers,28.0, PF,5.016918475,3.802896234,4.759255562,5.0258856,8042895,7680965,7319035,6957105,0.3493482075000003,-0.07238599999999995
D'Angelo Russell,2018,Brooklyn Nets,23.0, SG,-0.817872468,-0.06933644,-0.869890198,5.652608958,5103120,5332800,7019698,7019698,-0.42628574399999997,0.1365633088950915
Khris Middleton,2018,Milwaukee Bucks,27.0, SF,7.385360708,2.610856247,7.640206388,8.02799798,14700000,15200000,1300000,13000000,2.6420979104999995,0.5757575757575757
Meyers Leonard,2019,Portland Trail Blazers,28.0, C,-1.319846622,-0.169079625,-0.730952261,0.278707897,9213483,9904495,10595506,11286516,0.013510862499999998,0.10112345848178261
Anthony Davis,2019,New Orleans Pelicans,27.0, PF,10.80842731,12.81229307,9.609615264,15.49317006,22116750,23775506,25434263,27093018,-2.2007449260000005,0.10112355942983609
Dario Saric,2019,Philadelphia 76ers,26.0, PF,0.960452962,4.565806897,1.283736241,1.583416368,2318280,2526840,2526840,3481986,-1.4793936884999999,0.37800018996058316
Brandon Ingram,2019,Los Angeles Lakers,22.0, SF,-2.843543663,0.777666423,0.671890261,3.519150053,5281680,5519400,5757120,7265485,1.704828881,0.2886041083596713
Malik Beasley,2019,Denver Nuggets,23.0, SG,0.454544338,0.039685409,2.182016556,0.569906807,1627320,1700640,1773840,2731714,1.9349016825000003,0.572444797494877
D.J. Augustin,2019,Orlando Magic,32.0, PG,-2.798342602,2.384190847,3.20136588,1.298400509,7250000,7250000,7250000,7250000,3.4084417575,0.0
Jakob Poeltl,2019,San Antonio Spurs,24.0, C,0.123800487,4.400967307,3.571877501,3.945253873,2703960,2947320,2947320,3754886,1.309493604,0.2740001085732122
Damian Jones,2019,Golden State Warriors,25.0, C,-0.265827247,-0.312401082,0.169063057,-0.657012545,1171560,1312611,1544951,2305057,0.45817722149999995,0.6133032284163913
Iman Shumpert,2019,Sacramento Kings,30.0, SG,2.446725052,-0.12067454,1.907763707,-0.068335706,9662922,10337079,11011234,1419138,0.7447384509999999,-0.8670491668358057
Goran Dragic,2019,Miami Heat,34.0, PG,4.305855083,5.119657865,1.440870908,4.998266178,15891725,18109175,18109175,19217900,-3.271885566,0.061224489795918435
Thon Maker,2019,Milwaukee Bucks,23.0, C,0.181091689,-2.286167237,0.144044502,-0.099390174,2568600,2799720,2799720,3569643,1.196582276,0.2749999999999999
Jordan Clarkson,2019,Cleveland Cavaliers,28.0, PG,1.345934747,2.630692161,3.042700568,3.509546531,12500000,12500000,12500000,13437500,1.0543871139999998,0.07499999999999996
Jae Crowder,2019,Utah Jazz,29.0, SF,7.804251409,0.729572953,3.78576218,3.329566729,6286408,6796117,7305825,7815533,-0.4811500010000005,0.10843357602803927
Tristan Thompson,2019,Cleveland Cavaliers,29.0, C,4.933889936,0.918816788,2.086023804,1.253524633,15330435,17469565,17469565,18539130,-0.8403295580000001,0.061224478113793834
Kris Dunn,2019,Chicago Bulls,26.0, PG,-0.364594476,1.224853053,0.702422974,3.376500942,3872520,4221000,4221000,5348007,0.2722936855,0.2669999999999999
Evan Fournier,2020,Orlando Magic,28.0, SG,2.363192342,3.531016081,3.695526715,2.043600443880679,17000000,17150000,17150000,17000000,0.7484225035000001,-0.008746355685131157
Lonzo Ball,2020,New Orleans Pelicans,23.0, PG,3.040284621,1.776008115,2.258479926,4.085533986725798,6286560,7461960,8719320,18604651,-0.149666442,1.2995277258659388
Kelly Olynyk,2020,Miami Heat,30.0, PF,4.047888951,3.245975147,2.94328449,2.625718962871326,12537527,12537527,12667885,12195122,-0.7036475590000002,-0.032340990895129984
Tim Hardaway Jr.,2020,Dallas Mavericks,29.0, SG,4.588989446,3.437307247,4.389675951,5.227056374524663,17325000,19200127,20025127,21308816,0.37652760449999967,0.0864845387616866
Kyle Lowry,2020,Toronto Raptors,35.0, PG,12.01677693,13.54742501,9.918554868,3.279187402987535,31200000,31200000,34996296,26894128,-2.863546102000001,-0.18744311615260167
Norman Powell,2020,Toronto Raptors,28.0, SG,-1.066419797,1.182891619,2.706039832,3.642968172256936,9367200,9367200,10116576,15517241,2.647803921,0.5928371379346591
Mike Conley,2020,Utah Jazz,33.0, PG,1.166249968,10.75563906,2.023808703,8.419667472812371,28530608,30521115,32511624,21000000,-3.9371358110000005,-0.33367959783565804
DeMar DeRozan,2020,San Antonio Spurs,31.0, SF,6.305071965,4.370055795,3.330853721,3.528724050596721,27739975,27739975,27739975,26000000,-2.0067101589999994,-0.06272446171995472
Frank Ntilikina,2020,New York Knicks,22.0, PG,1.064728095,-0.701140808,0.336857982,0.1007543527752161,4155720,4155720,4855800,6176578,0.1550643385,0.3708182415397181
